-10,2.098828115676900000E-46
-9.99,2.563258110765070000E-46
-9.98,3.129831436077340000E-46
-9.97,3.820873833996100000E-46
-9.96,4.663560204440700000E-46
-9.95,5.690961125982210000E-46
-9.94,6.943313768487480000E-46
-9.93,8.469564993261640000E-46
-9.92,1.032924455011800000E-45
-9.91,1.259473851801390000E-45
-9.9,1.535404794150140000E-45
-9.89,1.871413552655070000E-45
-9.88,2.280498491791640000E-45
-9.87,2.778452327130800000E-45
-9.86,3.384458949148820000E-45
-9.85,4.121816877420070000E-45
-9.84,5.018816032663450000E-45
-9.83,6.109800100165260000E-45
-9.82,7.436453505442280000E-45
-9.81,9.049360170481660000E-45
-9.8,1.100989105754820000E-44
-9.79,1.339248938034390000E-44
-9.78,1.628743669661900000E-44
-9.77,1.980420038421290000E-44
-9.76,2.407548386746570000E-44
-9.75,2.926212611550170000E-44
-9.74,3.555902727566390000E-44
-9.73,4.320231387857310000E-44
-9.72,5.247800113694770000E-44
-9.71,6.373246298869660000E-44
-9.7,7.738508453968320000E-44
-9.69,9.394354867120810000E-44
-9.68,1.140223014273500000E-43
-9.67,1.383648526125110000E-43
-9.66,1.678707026188650000E-43
-9.65,2.036278485088000000E-43
-9.64,2.469520173015590000E-43
-9.63,2.994340089311200000E-43
-9.62,3.629968134382450000E-43
-9.61,4.399645061509860000E-43
-9.6,5.331453324814640000E-43
-9.59,6.459318842096710000E-43
-9.58,7.824218582907590000E-43
-9.57,9.475635972592990000E-43
-9.56,1.147331460563120000E-42
-9.55,1.388937097872810000E-42
-9.54,1.681083921664860000E-42
-9.53,2.034273549107190000E-42
-9.52,2.461174750564980000E-42
-9.51,2.977067563194730000E-42
-9.5,3.600377772769820000E-42
-9.49,4.353320019366700000E-42
-9.48,5.262671443617710000E-42
-9.47,6.360702179490390000E-42
-9.46,7.686294261789080000E-42
-9.45,9.286286823316930000E-42
-9.44,1.121709301370200000E-41
-9.43,1.354664312576330000E-41
-9.42,1.635671926001960000E-41
-9.41,1.974575984363290000E-41
-9.4,2.383222786902050000E-41
-9.39,2.875865532840950000E-41
-9.38,3.469649859565390000E-41
-9.37,4.185196615506120000E-41
-9.36,5.047301196203370000E-41
-9.35,6.085772584820790000E-41
-9.34,7.336439798225340000E-41
-9.33,8.842358890243770000E-41
-9.32,1.065526018009040000E-40
-9.31,1.283728315830470000E-40
-9.3,1.546305582692610000E-40
-9.29,1.862218633965550000E-40
-9.28,2.242224808087350000E-40
-9.27,2.699235516414810000E-40
-9.26,3.248744424746880000E-40
-9.25,3.909340113577880000E-40
-9.24,4.703319757894800000E-40
-9.23,5.657423580861000000E-40
-9.22,6.803713668618250000E-40
-9.21,8.180625305021860000E-40
-9.2,9.834224432696100000E-40
-9.19,1.181971134577000000E-39
-9.18,1.420321845730460000E-39
-9.17,1.706395921160410000E-39
-9.16,2.049679619683330000E-39
-9.15,2.461530960053700000E-39
-9.14,2.955546273362270000E-39
-9.13,3.547997989729160000E-39
-9.12,4.258357394831220000E-39
-9.11,5.109918719143840000E-39
-9.1,6.130544048833500000E-39
-9.09,7.353552265150500000E-39
-9.08,8.818779641972420000E-39
-9.07,1.057384498672650000E-38
-9.06,1.267565846277110000E-38
-9.05,1.519222065547450000E-38
-9.04,1.820476727290680000E-38
-9.03,2.181032535620230000E-38
-9.02,2.612475932636960000E-38
-9.01,3.128639998518090000E-38
-9,3.746036714122860000E-38
-8.99,4.484371737441810000E-38
-8.98,5.367157318014610000E-38
-8.97,6.422441907858550000E-38
-8.96,7.683678507817480000E-38
-8.95,9.190757916703360000E-38
-8.94,1.099123794424820000E-37
-8.93,1.314180545231210000E-37
-8.92,1.571001496522830000E-37
-8.91,1.877635573930470000E-37
-8.9,2.243670883655800000E-37
-8.89,2.680526718234780000E-37
-8.88,3.201800512944890000E-37
-8.87,3.823680008361350000E-37
-8.86,4.565432772557970000E-37
-8.85,5.449987482407900000E-37
-8.84,6.504624021218290000E-37
-8.83,7.761792593738120000E-37
-8.82,9.260085777700830000E-37
-8.81,1.104539182828350000E-36
-8.8,1.317226274916780000E-36
-8.79,1.570553678843630000E-36
-8.78,1.872226227675780000E-36
-8.77,2.231397830403160000E-36
-8.76,2.658941786119080000E-36
-8.75,3.167771104179640000E-36
-8.74,3.773218002276220000E-36
-8.73,4.493483422415590000E-36
-8.72,5.350169372791320000E-36
-8.71,6.368909226343870000E-36
-8.7,7.580113846539420000E-36
-8.69,9.019854642045310000E-36
-8.68,1.073090846420880000E-35
-8.67,1.276399375145580000E-35
-8.66,1.517923262343730000E-35
-8.65,1.804787986488890000E-35
-8.64,2.145436709603220000E-35
-8.63,2.549871908321560000E-35
-8.62,3.029940934838300000E-35
-8.61,3.599673424309990000E-35
-8.6,4.275679879472670000E-35
-8.59,5.077622427141230000E-35
-8.58,6.028770699638620000E-35
-8.57,7.156658097653990000E-35
-8.56,8.493856401569960000E-35
-8.55,1.007888988256300000E-34
-8.54,1.195731381489800000E-34
-8.53,1.418298669020860000E-34
-8.52,1.681957061328950000E-34
-8.51,1.994230043791810000E-34
-8.5,2.364006934425780000E-34
-8.49,2.801788695053080000E-34
-8.48,3.319977589929440000E-34
-8.47,3.933218442662940000E-34
-8.46,4.658800599300230000E-34
-8.45,5.517131298405820000E-34
-8.44,6.532293017550660000E-34
-8.43,7.732699557564760000E-34
-8.42,9.151868196124860000E-34
-8.41,1.082932825618860000E-33
-8.4,1.281168996795070000E-33
-8.39,1.515390164137700000E-33
-8.38,1.792072802085930000E-33
-8.37,2.118848837210420000E-33
-8.36,2.504709951202550000E-33
-8.35,2.960247678160900000E-33
-8.34,3.497935508996770000E-33
-8.33,4.132460283464390000E-33
-8.32,4.881111400260570000E-33
-8.31,5.764237837662830000E-33
-8.3,6.805784687504370000E-33
-8.29,8.033922905708510000E-33
-8.28,9.481788320590330000E-33
-8.27,1.118834867444940000E-32
-8.26,1.319942066866760000E-32
-8.25,1.556886271600480000E-32
-8.24,1.835997346428920000E-32
-8.23,2.164713124987770000E-32
-8.22,2.551771558791040000E-32
-8.21,3.007435874856270000E-32
-8.2,3.543758357596470000E-32
-8.19,4.174889316345320000E-32
-8.18,4.917438903465860000E-32
-8.17,5.790900735303780000E-32
-8.16,6.818147769335140000E-32
-8.15,8.026012641363490000E-32
-8.14,9.445966706917530000E-32
-8.13,1.111491440904750000E-31
-8.12,1.307612236621060000E-31
-8.11,1.538030580078290000E-31
-8.1,1.808689868992890000E-31
-8.09,2.126553839816280000E-31
-8.08,2.499780064742870000E-31
-8.07,2.937922661546340000E-31
-8.06,3.452169085448670000E-31
-8.05,4.055616675874590000E-31
-8.04,4.763595565045110000E-31
-8.03,5.594045642314050000E-31
-8.02,6.567956531479500000E-31
-8.01,7.709881007293710000E-31
-8,9.048533984288290000E-31
-7.99,1.061749119486930000E-30
-7.98,1.245600397805710000E-30
-7.97,1.460994927618140000E-30
-7.96,1.713293704577310000E-30
-7.95,2.008760089652720000E-30
-7.94,2.354710196081040000E-30
-7.93,2.759688085679310000E-30
-7.92,3.233669824657100000E-30
-7.91,3.788301103360260000E-30
-7.9,4.437173882830670000E-30
-7.89,5.196148410789650000E-30
-7.88,6.083727969217310000E-30
-7.87,7.121494897569450000E-30
-7.86,8.334617804888960000E-30
-7.85,9.752441470659630000E-30
-7.84,1.140917277116710000E-29
-7.83,1.334467809648070000E-29
-7.82,1.560541018569890000E-29
-7.81,1.824548515961690000E-29
-7.8,2.132793382935760000E-29
-7.79,2.492615517737310000E-29
-7.78,2.912560432156260000E-29
-7.77,3.402575238170160000E-29
-7.76,3.974236157134250000E-29
-7.75,4.641012566244310000E-29
-7.74,5.418573386130260000E-29
-7.73,6.325142524739550000E-29
-7.72,7.381911145678940000E-29
-7.71,8.613515745587100000E-29
-7.7,1.004859242936120000E-28
-7.69,1.172041939325450000E-28
-7.68,1.366766149788640000E-28
-7.67,1.593523297211520000E-28
-7.66,1.857529678089070000E-28
-7.65,2.164842206402150000E-28
-7.64,2.522492436734630000E-28
-7.63,2.938641720950540000E-28
-7.62,3.422760793276000000E-28
-7.61,3.985837586282600000E-28
-7.6,4.640617665389970000E-28
-7.59,5.401882343288790000E-28
-7.58,6.286770311908590000E-28
-7.57,7.315149523400560000E-28
-7.56,8.510047080320400000E-28
-7.55,9.898146079650200000E-28
-7.54,1.151035971829600000E-27
-7.53,1.338249453506720000E-27
-7.52,1.555601646802590000E-27
-7.51,1.807893548011510000E-27
-7.5,2.100682689057370000E-27
-7.49,2.440401028946680000E-27
-7.48,2.834491006552130000E-27
-7.47,3.291562519345640000E-27
-7.46,3.821574008745000000E-27
-7.45,4.436041310166520000E-27
-7.44,5.148278474132820000E-27
-7.43,5.973675394420870000E-27
-7.42,6.930017801267820000E-27
-7.41,8.037856007716460000E-27
-7.4,9.320929746442200000E-27
-7.39,1.080665752731210000E-26
-7.38,1.252670019569680000E-26
-7.37,1.451760980589480000E-26
-7.36,1.682157656842240000E-26
-7.35,1.948728851386260000E-26
-7.34,2.257092067382440000E-26
-7.33,2.613727305353300000E-26
-7.32,3.026107950133770000E-26
-7.31,3.502851282299160000E-26
-7.3,4.053891520069580000E-26
-7.29,4.690678722468940000E-26
-7.28,5.426407370587970000E-26
-7.27,6.276278999883450000E-26
-7.26,7.257803892512580000E-26
-7.25,8.391147565790110000E-26
-7.24,9.699528624634270000E-26
-7.23,1.120967549589570000E-25
-7.22,1.295235064849400000E-25
-7.21,1.496295214436910000E-25
-7.2,1.728220378209170000E-25
-7.19,1.995694671380660000E-25
-7.18,2.304104726334010000E-25
-7.17,2.659643778416010000E-25
-7.16,3.069430980158380000E-25
-7.15,3.541648143072080000E-25
-7.14,4.085696419605440000E-25
-7.13,4.712375795044540000E-25
-7.12,5.434090666682280000E-25
-7.11,6.265085252136580000E-25
-7.1,7.221713097896230000E-25
-7.09,8.322745562918180000E-25
-7.08,9.589724838487410000E-25
-7.07,1.104736784966100000E-24
-7.06,1.272402827339050000E-24
-7.05,1.465222492486000000E-24
-7.04,1.686924591736300000E-24
-7.03,1.941783931650430000E-24
-7.02,2.234700250456020000E-24
-7.01,2.571288417225650000E-24
-7,2.957981478999800000E-24
-6.99,3.402148360951550000E-24
-6.98,3.912228274873240000E-24
-6.97,4.497884175318700000E-24
-6.96,5.170177925630630000E-24
-6.95,5.941770202942340000E-24
-6.94,6.827148587885000000E-24
-6.93,7.842887757387420000E-24
-6.92,9.007946236312090000E-24
-6.91,1.034400477351480000E-23
-6.9,1.187585209772760000E-23
-6.89,1.363182459625560000E-23
-6.88,1.564430734585050000E-23
-6.87,1.795030493733200000E-23
-6.86,2.059209167762330000E-23
-6.85,2.361795204993160000E-23
-6.84,2.708302378348500000E-23
-6.83,3.105025754729110000E-23
-6.82,3.559150916977390000E-23
-6.81,4.078878242091920000E-23
-6.8,4.673564281207460000E-23
-6.79,5.353882560503730000E-23
-6.78,6.132006432126960000E-23
-6.77,7.021816954299020000E-23
-6.76,8.039139177204250000E-23
-6.75,9.202010657918490000E-23
-6.74,1.053098653663980000E-22
-6.73,1.204948607863080000E-22
-6.72,1.378418623306890000E-22
-6.71,1.576546849472340000E-22
-6.7,1.802792617769870000E-22
-6.69,2.061094014754700000E-22
-6.68,2.355933211094320000E-22
-6.67,2.692410575232940000E-22
-6.66,3.076328735264250000E-22
-6.65,3.514287903940760000E-22
-6.64,4.013793952946070000E-22
-6.63,4.583380915503270000E-22
-6.62,5.232749813978150000E-22
-6.61,5.972925954428780000E-22
-6.6,6.816437106573200000E-22
-6.59,7.777515299627340000E-22
-6.58,8.872325314742130000E-22
-6.57,1.011922335114010000E-21
-6.56,1.153904978792690000E-21
-6.55,1.315546046543850000E-21
-6.54,1.499530147384290000E-21
-6.53,1.708903307221670000E-21
-6.52,1.947120907727510000E-21
-6.51,2.218101886241930000E-21
-6.5,2.526290001526830000E-21
-6.49,2.876723071557250000E-21
-6.48,3.275111204099770000E-21
-6.47,3.727925169123470000E-21
-6.46,4.242496206504290000E-21
-6.45,4.827128724688430000E-21
-6.44,5.491227527948520000E-21
-6.43,6.245441414593380000E-21
-6.42,7.101825217942990000E-21
-6.41,8.074022619595950000E-21
-6.4,9.177472353478140000E-21
-6.39,1.042964074430330000E-20
-6.38,1.185028388652880000E-20
-6.37,1.346174317944130000E-20
-6.36,1.528927839049650000E-20
-6.35,1.736144293166290000E-20
-6.34,1.971050660865130000E-20
-6.33,2.237293174614610000E-20
-6.32,2.538990931330170000E-20
-6.31,2.880796248089490000E-20
-6.3,3.267962594586730000E-20
-6.29,3.706421037018410000E-20
-6.28,4.202866241417120000E-20
-6.27,4.764853211008000000E-20
-6.26,5.400906073949470000E-20
-6.25,6.120640396283650000E-20
-6.24,6.934900672094380000E-20
-6.23,7.855914840765750000E-20
-6.22,8.897467902898790000E-20
-6.21,1.007509695356990000E-19
-6.2,1.140631022724400000E-19
-6.19,1.291083305893170000E-19
-6.18,1.461088400776790000E-19
-6.17,1.653148477695640000E-19
-6.16,1.870080799032860000E-19
-6.15,2.115056736639470000E-19
-6.14,2.391645536375830000E-19
-6.13,2.703863396811130000E-19
-6.12,3.056228495479840000E-19
-6.11,3.453822670143410000E-19
-6.1,3.902360544956850000E-19
-6.09,4.408266983554370000E-19
-6.08,4.978763853187100000E-19
-6.07,5.621967198474570000E-19
-6.06,6.346996049941470000E-19
-6.05,7.164094234280770000E-19
-6.04,8.084766710219390000E-19
-6.03,9.121932129708860000E-19
-6.02,1.029009351723520000E-18
-6.01,1.160552917972590000E-18
-6,1.308650619622720000E-18
-5.99,1.475351910874430000E-18
-5.98,1.662955672941440000E-18
-5.97,1.874040031244410000E-18
-5.96,2.111495670557680000E-18
-5.95,2.378563050325110000E-18
-5.94,2.678873967846660000E-18
-5.93,3.016497967119940000E-18
-5.92,3.395994147100260000E-18
-5.91,3.822468984966350000E-18
-5.9,4.301640858793230000E-18
-5.89,4.839912030171070000E-18
-5.88,5.444448931784990000E-18
-5.87,6.123271698755990000E-18
-5.86,6.885353986207380000E-18
-5.85,7.740734230903490000E-18
-5.84,8.700639641603420000E-18
-5.83,9.777624344491410000E-18
-5.82,1.098572326678840000E-17
-5.81,1.234062351277980000E-17
-5.8,1.385985518063080000E-17
-5.79,1.556300377801630000E-17
-5.78,1.747194663041930000E-17
-5.77,1.961111593429890000E-17
-5.76,2.200779139500560000E-17
-5.75,2.469242570481820000E-17
-5.74,2.769900646830480000E-17
-5.73,3.106545856822950000E-17
-5.72,3.483409139304920000E-17
-5.71,3.905209581871080000E-17
-5.7,4.377209636079920000E-17
-5.69,4.905276448528600000E-17
-5.68,5.495949970496590000E-17
-5.67,6.156518578707140000E-17
-5.66,6.895103017185640000E-17
-5.65,7.720749555374760000E-17
-5.64,8.643533351897600000E-17
-5.63,9.674673116956320000E-17
-5.62,1.082665827987440000E-16
-5.61,1.211338999581440000E-16
-5.6,1.355033746234450000E-16
-5.59,1.515471117083200000E-16
-5.58,1.694565488481280000E-16
-5.57,1.894445832310280000E-16
-5.56,2.117479272841360000E-16
-5.55,2.366297172728980000E-16
-5.54,2.643824013288880000E-16
-5.53,2.953309361350160000E-16
-5.52,3.298363244748920000E-16
-5.51,3.682995291389670000E-16
-5.5,4.111658022626300000E-16
-5.49,4.589294731462220000E-16
-5.48,5.121392419392580000E-16
-5.47,5.714040313448280000E-16
-5.46,6.373994537476450000E-16
-5.45,7.108749568889410000E-16
-5.44,7.926617175856730000E-16
-5.43,8.836813598333920000E-16
-5.42,9.849555812515170000E-16
-5.41,1.097616780242960000E-15
-5.4,1.222919785196550000E-15
-5.39,1.362254797193530000E-15
-5.38,1.517161668675540000E-15
-5.37,1.689345652345470000E-15
-5.36,1.880694767960960000E-15
-5.35,2.093298948909030000E-15
-5.34,2.329471146343780000E-15
-5.33,2.591770585769250000E-15
-5.32,2.883028390025360000E-15
-5.31,3.206375803086220000E-15
-5.3,3.565275271873550000E-15
-5.29,3.963554667751420000E-15
-5.28,4.405444956584560000E-15
-5.27,4.895621655592100000E-15
-5.26,5.439250447545020000E-15
-5.25,6.042037357999280000E-15
-5.24,6.710283939762170000E-15
-5.23,7.450947950692230000E-15
-5.22,8.271710056829370000E-15
-5.21,9.181047143025840000E-15
-5.2,1.018831286686290000E-14
-5.19,1.130382615274620000E-14
-5.18,1.253896838659440000E-14
-5.17,1.390629014228470000E-14
-5.16,1.541962834949940000E-14
-5.15,1.709423489459160000E-14
-5.14,1.894691773889960000E-14
-5.13,2.099619573834910000E-14
-5.12,2.326246845673220000E-14
-5.11,2.576820238183910000E-14
-5.1,2.853813508462410000E-14
-5.09,3.159949899874140000E-14
-5.08,3.498226665175380000E-14
-5.07,3.871941934332690000E-14
-5.06,4.284724144665710000E-14
-5.05,4.740564270369000000E-14
-5.04,5.243851109755160000E-14
-5.03,5.799409911659660000E-14
-5.02,6.412544647238180000E-14
-5.01,7.089084261280860000E-14
-5,7.835433265473140000E-14
-4.99,8.658627069562710000E-14
-4.98,9.566392479464990000E-14
-4.97,1.056721383117120000E-13
-4.96,1.167040526766540000E-13
-4.95,1.288618971277200000E-13
-4.94,1.422578514194900000E-13
-4.93,1.570149880369760000E-13
-4.92,1.732683010049180000E-13
-4.91,1.911658289946010000E-13
-4.9,2.108698810990660000E-13
-4.89,2.325583743522830000E-13
-4.88,2.564262928475320000E-13
-4.87,2.826872791531700000E-13
-4.86,3.115753696170460000E-13
-4.85,3.433468861489060000E-13
-4.84,3.782824981127210000E-13
-4.83,4.166894691107120000E-13
-4.82,4.589041046933420000E-13
-4.81,5.052944183350760000E-13
-4.8,5.562630344899360000E-13
-4.79,6.122503490828150000E-13
-4.78,6.737379694766160000E-13
-4.77,7.412524577544760000E-13
-4.76,8.153694031874390000E-13
-4.75,8.967178517162110000E-13
-4.74,9.859851227479390000E-13
-4.73,1.083922045856730000E-12
-4.72,1.191348652723100000E-12
-4.71,1.309160362434660000E-12
-4.7,1.438334701401540000E-12
-4.69,1.579938602356020000E-12
-4.68,1.735136330578670000E-12
-4.67,1.905198089216860000E-12
-4.66,2.091509359725440000E-12
-4.65,2.295581037876740000E-12
-4.64,2.519060430639300000E-12
-4.63,2.763743184116050000E-12
-4.62,3.031586218555290000E-12
-4.61,3.324721752061330000E-12
-4.6,3.645472501187810000E-12
-4.59,3.996368153366450000E-12
-4.58,4.380163213346450000E-12
-4.57,4.799856333835880000E-12
-4.56,5.258711248898730000E-12
-4.55,5.760279437676050000E-12
-4.54,6.308424655676350000E-12
-4.53,6.907349481706510000E-12
-4.52,7.561624038422130000E-12
-4.51,8.276217058574960000E-12
-4.5,9.056529479512480000E-12
-4.49,9.908430763502860000E-12
-4.48,1.083829815607740000E-11
-4.47,1.185305911009670000E-11
-4.46,1.296023711949740000E-11
-4.45,1.416800122602490000E-11
-4.44,1.548521947958190000E-11
-4.43,1.692151665555610000E-11
-4.42,1.848733655235190000E-11
-4.41,2.019400921723110000E-11
-4.4,2.205382347339140000E-11
-4.39,2.408010514733480000E-11
-4.38,2.628730142463230000E-11
-4.37,2.869107179294040000E-11
-4.36,3.130838606356600000E-11
-4.35,3.415762999633210000E-11
-4.34,3.725871909182100000E-11
-4.33,4.063322115281670000E-11
-4.32,4.430448825874230000E-11
-4.31,4.829779884315300000E-11
-4.3,5.264051061038360000E-11
-4.29,5.736222507912710000E-11
-4.28,6.249496459465970000E-11
-4.27,6.807336271089240000E-11
-4.26,7.413486889595440000E-11
-4.25,8.071996859772550000E-11
-4.24,8.787241975380170000E-11
-4.23,9.563950692223090000E-11
-4.22,1.040723142685910000E-10
-4.21,1.132260187550090000E-10
-4.2,1.231602049331170000E-10
-4.19,1.339392028625930000E-10
-4.18,1.456324507581100000E-10
-4.17,1.583148840860730000E-10
-4.16,1.720673529385340000E-10
-4.15,1.869770696262220000E-10
-4.14,2.031380885641010000E-10
-4.13,2.206518206565580000E-10
-4.12,2.396275845252870000E-10
-4.11,2.601831970702280000E-10
-4.1,2.824456060282070000E-10
-4.09,3.065515673349990000E-10
-4.08,3.326483702940000000E-10
-4.07,3.608946137397330000E-10
-4.06,3.914610365644090000E-10
-4.05,4.245314062081990000E-10
-4.04,4.603034689220540000E-10
-4.03,4.989899658415500000E-10
-4.02,5.408197191635490000E-10
-4.01,5.860387929814990000E-10
-4,6.349117335919140000E-10
-3.99,6.877228943858530000E-10
-3.98,7.447778507607920000E-10
-3.97,8.064049107455720000E-10
-3.96,8.729567274880760000E-10
-3.95,9.448120199488320000E-10
-3.94,1.022377408678010000E-09
-3.93,1.106089373863570000E-09
-3.92,1.196416343244590000E-09
-3.91,1.293860917940720000E-09
-3.9,1.398962244784770000E-09
-3.89,1.512298544044340000E-09
-3.88,1.634489802140780000E-09
-3.87,1.766200639328870000E-09
-3.86,1.908143362978060000E-09
-3.85,2.061081217620380000E-09
-3.84,2.225831843579320000E-09
-3.83,2.403270956597330000E-09
-3.82,2.594336261618960000E-09
-3.81,2.800031614563560000E-09
-3.8,3.021431446609710000E-09
-3.79,3.259685466427650000E-09
-3.78,3.516023656467360000E-09
-3.77,3.791761580340730000E-09
-3.76,4.088306019227820000E-09
-3.75,4.407160956156820000E-09
-3.74,4.749933927892960000E-09
-3.73,5.118342765446870000E-09
-3.72,5.514222744906740000E-09
-3.71,5.939534171748650000E-09
-3.7,6.396370422682000000E-09
-3.69,6.886966470503400000E-09
-3.68,7.413707918650610000E-09
-3.67,7.979140572927090000E-09
-3.66,8.585980580440170000E-09
-3.65,9.237125166072380000E-09
-3.64,9.935663998419160000E-09
-3.63,1.068489121938270000E-08
-3.62,1.148831817290970000E-08
-3.61,1.234968686920610000E-08
-3.6,1.327298422358520000E-08
-3.59,1.426245711051210000E-08
-3.58,1.532262827521700000E-08
-3.57,1.645831314688330000E-08
-3.56,1.767463759995650000E-08
-3.55,1.897705671209350000E-08
-3.54,2.037137456902260000E-08
-3.53,2.186376516895200000E-08
-3.52,2.346079448181910000E-08
-3.51,2.516944372109440000E-08
-3.5,2.699713388687510000E-08
-3.49,2.895175164418960000E-08
-3.48,3.104167660003980000E-08
-3.47,3.327581004818420000E-08
-3.46,3.566360525122320000E-08
-3.45,3.821509933384200000E-08
-3.44,4.094094686309200000E-08
-3.43,4.385245519577100000E-08
-3.42,4.696162167482210000E-08
-3.41,5.028117275999960000E-08
-3.4,5.382460518335540000E-08
-3.39,5.760622921992830000E-08
-3.38,6.164121417107200000E-08
-3.37,6.594563615819620000E-08
-3.36,7.053652833394650000E-08
-3.35,7.543193360984000000E-08
-3.34,8.065096001962480000E-08
-3.33,8.621383882798620000E-08
-3.32,9.214198550251470000E-08
-3.31,9.845806367531540000E-08
-3.3,1.051860522178150000E-07
-3.29,1.123513155590930000E-07
-3.28,1.199806773859710000E-07
-3.27,1.281024978630720000E-07
-3.26,1.367467545139140000E-07
-3.25,1.459451269176140000E-07
-3.24,1.557310853678950000E-07
-3.23,1.661399836551910000E-07
-3.22,1.772091561360300000E-07
-3.21,1.889780192499240000E-07
-3.2,2.014881776659950000E-07
-3.19,2.147835352223920000E-07
-3.18,2.289104108548430000E-07
-3.17,2.439176596847140000E-07
-3.16,2.598567994742040000E-07
-3.15,2.767821426275250000E-07
-3.14,2.947509339507700000E-07
-3.13,3.138234943741240000E-07
-3.12,3.340633708395540000E-07
-3.11,3.555374925768040000E-07
-3.1,3.783163339821110000E-07
-3.09,4.024740843320730000E-07
-3.08,4.280888245448060000E-07
-3.07,4.552427112439810000E-07
-3.06,4.840221683446230000E-07
-3.05,5.145180864123290000E-07
-3.04,5.468260300401690000E-07
-3.03,5.810464534938000000E-07
-3.02,6.172849248746990000E-07
-3.01,6.556523590706660000E-07
-3,6.962652597356000000E-07
-2.99,7.392459705795440000E-07
-2.98,7.847229362499490000E-07
-2.97,8.328309730185470000E-07
-2.96,8.837115496010820000E-07
-2.95,9.375130783919660000E-07
-2.94,9.943912173339220000E-07
-2.93,1.054509182744180000E-06
-2.92,1.118038073373670000E-06
-2.91,1.185157205964480000E-06
-2.9,1.256054462604370000E-06
-2.89,1.330926650126890000E-06
-2.88,1.409979871917920000E-06
-2.87,1.493429912252930000E-06
-2.86,1.581502633655670000E-06
-2.85,1.674434387340460000E-06
-2.84,1.772472437178120000E-06
-2.83,1.875875397343420000E-06
-2.82,1.984913683977100000E-06
-2.81,2.099869981099260000E-06
-2.8,2.221039721028060000E-06
-2.79,2.348731579540700000E-06
-2.78,2.483267986087030000E-06
-2.77,2.624985649185390000E-06
-2.76,2.774236097305580000E-06
-2.75,2.931386235464450000E-06
-2.74,3.096818917692100000E-06
-2.73,3.270933535571920000E-06
-2.72,3.454146623085660000E-06
-2.71,3.646892477899030000E-06
-2.7,3.849623799273880000E-06
-2.69,4.062812342674880000E-06
-2.68,4.286949591329940000E-06
-2.67,4.522547444727750000E-06
-2.66,4.770138924221470000E-06
-2.65,5.030278895772480000E-06
-2.64,5.303544809924540000E-06
-2.63,5.590537458963140000E-06
-2.62,5.891881751372880000E-06
-2.61,6.208227503570370000E-06
-2.6,6.540250248591000000E-06
-2.59,6.888652062203560000E-06
-2.58,7.254162405769950000E-06
-2.57,7.637538986126560000E-06
-2.56,8.039568632278420000E-06
-2.55,8.461068188398530000E-06
-2.54,8.902885423188590000E-06
-2.53,9.365899955657680000E-06
-2.52,9.851024195852020000E-06
-2.51,1.035920430194610000E-05
-2.5,1.089142115177730000E-05
-2.49,1.144869132893620000E-05
-2.48,1.203206812346980000E-05
-2.47,1.264264254601250000E-05
-2.46,1.328154435461050000E-05
-2.45,1.394994309503180000E-05
-2.44,1.464904915190710000E-05
-2.43,1.538011481172000000E-05
-2.42,1.614443533595140000E-05
-2.41,1.694335004387270000E-05
-2.4,1.777824340436500000E-05
-2.39,1.865054613524300000E-05
-2.38,1.956173630957400000E-05
-2.37,2.051334046837250000E-05
-2.36,2.150693473735750000E-05
-2.35,2.254414594794040000E-05
-2.34,2.362665276052680000E-05
-2.33,2.475618678900230000E-05
-2.32,2.593453372521900000E-05
-2.31,2.716353446190240000E-05
-2.3,2.844508621262340000E-05
-2.29,2.978114362742740000E-05
-2.28,3.117371990236920000E-05
-2.27,3.262488788137530000E-05
-2.26,3.413678114868450000E-05
-2.25,3.571159511006020000E-05
-2.24,3.735158806136620000E-05
-2.23,3.905908224151320000E-05
-2.22,4.083646486921360000E-05
-2.21,4.268618916044140000E-05
-2.2,4.461077532456500000E-05
-2.19,4.661281153779980000E-05
-2.18,4.869495489082130000E-05
-2.17,5.085993230828120000E-05
-2.16,5.311054143881640000E-05
-2.15,5.544965151194030000E-05
-2.14,5.788020415967180000E-05
-2.13,6.040521420137980000E-05
-2.12,6.302777038619980000E-05
-2.11,6.575103609635320000E-05
-2.1,6.857824999895510000E-05
-2.09,7.151272665590340000E-05
-2.08,7.455785707734880000E-05
-2.07,7.771710922269500000E-05
-2.06,8.099402844461620000E-05
-2.05,8.439223787383400000E-05
-2.04,8.791543873675640000E-05
-2.03,9.156741061387670000E-05
-2.02,9.535201162031380000E-05
-2.01,9.927317852260010000E-05
-2,1.033349267702750000E-04
-1.99,1.075413504603430000E-04
-1.98,1.118966222075070000E-04
-1.97,1.164049929399340000E-04
-1.96,1.210707915985430000E-04
-1.95,1.258984247494030000E-04
-1.94,1.308923761002250000E-04
-1.93,1.360572059186850000E-04
-1.92,1.413975503491850000E-04
-1.91,1.469181206258110000E-04
-1.9,1.526237021769660000E-04
-1.89,1.585191536211110000E-04
-1.88,1.646094056457190000E-04
-1.87,1.708994597739570000E-04
-1.86,1.773943870066860000E-04
-1.85,1.840993263448410000E-04
-1.84,1.910194831854460000E-04
-1.83,1.981601275895500000E-04
-1.82,2.055265924164510000E-04
-1.81,2.131242713298520000E-04
-1.8,2.209586166601450000E-04
-1.79,2.290351371341130000E-04
-1.78,2.373593954613260000E-04
-1.77,2.459370057744140000E-04
-1.76,2.547736309282930000E-04
-1.75,2.638749796504390000E-04
-1.74,2.732468035388380000E-04
-1.73,2.828948939115520000E-04
-1.72,2.928250785050800000E-04
-1.71,3.030432180147480000E-04
-1.7,3.135552024844610000E-04
-1.69,3.243669475328370000E-04
-1.68,3.354843904337810000E-04
-1.67,3.469134860255520000E-04
-1.66,3.586602024748210000E-04
-1.65,3.707305168703530000E-04
-1.64,3.831304106677420000E-04
-1.63,3.958658649699630000E-04
-1.62,4.089428556527720000E-04
-1.61,4.223673483310140000E-04
-1.6,4.361452931697610000E-04
-1.59,4.502826195403180000E-04
-1.58,4.647852305238820000E-04
-1.57,4.796589972566710000E-04
-1.56,4.949097531362620000E-04
-1.55,5.105432878682640000E-04
-1.54,5.265653413758880000E-04
-1.53,5.429815975622690000E-04
-1.52,5.597976779373800000E-04
-1.51,5.770191351033360000E-04
-1.5,5.946514461189570000E-04
-1.49,6.127000057097520000E-04
-1.48,6.311701193960850000E-04
-1.47,6.500669964588590000E-04
-1.46,6.693957428138070000E-04
-1.45,6.891613537785740000E-04
-1.44,7.093687067213350000E-04
-1.43,7.300225536304100000E-04
-1.42,7.511275135654130000E-04
-1.41,7.726880650519740000E-04
-1.4,7.947085383861960000E-04
-1.39,8.171931078544740000E-04
-1.38,8.401457839081940000E-04
-1.37,8.635704052876410000E-04
-1.36,8.874706310725670000E-04
-1.35,9.118499326932700000E-04
-1.34,9.367115859585950000E-04
-1.33,9.620586629936630000E-04
-1.32,9.878940242114510000E-04
-1.31,1.014220310256170000E-03
-1.3,1.041039933980490000E-03
-1.29,1.068355072388900000E-03
-1.28,1.096167658671370000E-03
-1.27,1.124479374220050000E-03
-1.26,1.153291640702430000E-03
-1.25,1.182605612235990000E-03
-1.24,1.212422167562950000E-03
-1.23,1.242741902360300000E-03
-1.22,1.273565121617660000E-03
-1.21,1.304891832110930000E-03
-1.2,1.336721735017110000E-03
-1.19,1.369054218624920000E-03
-1.18,1.401888351209120000E-03
-1.17,1.435222874034530000E-03
-1.16,1.469056194551940000E-03
-1.15,1.503386379718070000E-03
-1.14,1.538211149575110000E-03
-1.13,1.573527870937430000E-03
-1.12,1.609333551399910000E-03
-1.11,1.645624833464680000E-03
-1.1,1.682397988966980000E-03
-1.09,1.719648913737900000E-03
-1.08,1.757373122509740000E-03
-1.07,1.795565744126050000E-03
-1.06,1.834221516988630000E-03
-1.05,1.873334784854290000E-03
-1.04,1.912899492874300000E-03
-1.03,1.952909184045540000E-03
-1.02,1.993356995881870000E-03
-1.01,2.034235657519790000E-03
-1,2.075537487100640000E-03
-0.99,2.117254389592750000E-03
-0.98,2.159377854901520000E-03
-0.97,2.201898956430620000E-03
-0.96,2.244808350004480000E-03
-0.95,2.288096273174280000E-03
-0.94,2.331752544975360000E-03
-0.93,2.375766566068290000E-03
-0.92,2.420127319308690000E-03
-0.91,2.464823370774020000E-03
-0.9,2.509842871202340000E-03
-0.89,2.555173557882250000E-03
-0.88,2.600802757011290000E-03
-0.87,2.646717386494270000E-03
-0.86,2.692903959204290000E-03
-0.85,2.739348586740270000E-03
-0.84,2.786036983590620000E-03
-0.83,2.832954471849910000E-03
-0.82,2.880085986336070000E-03
-0.81,2.927416080254820000E-03
-0.8,2.974928931287300000E-03
-0.79,3.022608348174130000E-03
-0.78,3.070437777812990000E-03
-0.77,3.118400312767890000E-03
-0.76,3.166478699325870000E-03
-0.75,3.214655345976710000E-03
-0.74,3.262912332389260000E-03
-0.73,3.311231418855880000E-03
-0.72,3.359594056199710000E-03
-0.71,3.407981396127450000E-03
-0.7,3.456374302050610000E-03
-0.69,3.504753360363580000E-03
-0.68,3.553098892133690000E-03
-0.67,3.601390965236900000E-03
-0.66,3.649609406933620000E-03
-0.65,3.697733816833730000E-03
-0.64,3.745743580267930000E-03
-0.63,3.793617882087780000E-03
-0.62,3.841335720781740000E-03
-0.61,3.888875923025630000E-03
-0.6,3.936217158571560000E-03
-0.59,3.983337955435940000E-03
-0.58,4.030216715493670000E-03
-0.57,4.076831730320600000E-03
-0.56,4.123161197380100000E-03
-0.55,4.169183236457920000E-03
-0.54,4.214875906390410000E-03
-0.53,4.260217222035360000E-03
-0.52,4.305185171457170000E-03
-0.51,4.349757733360340000E-03
-0.5,4.393912894675270000E-03
-0.49,4.437628668364060000E-03
-0.48,4.480883111344810000E-03
-0.47,4.523654342579560000E-03
-0.46,4.565920561246830000E-03
-0.45,4.607660065060820000E-03
-0.44,4.648851268602010000E-03
-0.43,4.689472721737850000E-03
-0.42,4.729503128083130000E-03
-0.41,4.768921363432000000E-03
-0.4,4.807706494195710000E-03
-0.39,4.845837795829020000E-03
-0.38,4.883294771143830000E-03
-0.37,4.920057168594530000E-03
-0.36,4.956105000427980000E-03
-0.35,4.991418560720700000E-03
-0.34,5.025978443269240000E-03
-0.33,5.059765559288880000E-03
-0.32,5.092761154937320000E-03
-0.31,5.124946828629680000E-03
-0.3,5.156304548093920000E-03
-0.29,5.186816667166790000E-03
-0.28,5.216465942330240000E-03
-0.27,5.245235548909250000E-03
-0.26,5.273109096970750000E-03
-0.25,5.300070646878290000E-03
-0.24,5.326104724451830000E-03
-0.23,5.351196335755160000E-03
-0.22,5.375330981488330000E-03
-0.21,5.398494670951410000E-03
-0.2,5.420673935522900000E-03
-0.19,5.441855841743380000E-03
-0.18,5.462028003846070000E-03
-0.17,5.481178595841830000E-03
-0.16,5.499296363085020000E-03
-0.15,5.516370633252640000E-03
-0.14,5.532391326866460000E-03
-0.13,5.547348967177640000E-03
-0.12,5.561234689515310000E-03
-0.11,5.574040250054110000E-03
-0.1,5.585758033944160000E-03
-0.09,5.596381062893760000E-03
-0.08,5.605903002052500000E-03
-0.07,5.614318166352760000E-03
-0.06,5.621621526123390000E-03
-0.05,5.627808712127930000E-03
-0.04,5.632876019920120000E-03
-0.03,5.636820413511200000E-03
-0.02,5.639639528433400000E-03
-0.01,5.641331674103920000E-03
-1.69E-13,5.641895835477990000E-03
0.01,5.641331674103920000E-03
0.02,5.639639528433400000E-03
0.03,5.636820413511200000E-03
0.04,5.632876019920120000E-03
0.05,5.627808712127930000E-03
0.06,5.621621526123390000E-03
0.07,5.614318166352760000E-03
0.08,5.605903002052500000E-03
0.09,5.596381062893760000E-03
0.1,5.585758033944160000E-03
0.11,5.574040250054110000E-03
0.12,5.561234689515310000E-03
0.13,5.547348967177640000E-03
0.14,5.532391326866460000E-03
0.15,5.516370633252640000E-03
0.16,5.499296363085020000E-03
0.17,5.481178595841830000E-03
0.18,5.462028003846070000E-03
0.19,5.441855841743380000E-03
0.2,5.420673935522900000E-03
0.21,5.398494670951410000E-03
0.22,5.375330981488330000E-03
0.23,5.351196335755160000E-03
0.24,5.326104724451830000E-03
0.25,5.300070646883930000E-03
0.26,5.273109096976390000E-03
0.27,5.245235548909250000E-03
0.28,5.216465942330240000E-03
0.29,5.186816667172430000E-03
0.3,5.156304548093920000E-03
0.31,5.124946828629680000E-03
0.32,5.092761154937320000E-03
0.33,5.059765559288880000E-03
0.34,5.025978443269240000E-03
0.35,4.991418560726340000E-03
0.36,4.956105000427980000E-03
0.37,4.920057168594530000E-03
0.38,4.883294771143830000E-03
0.39,4.845837795829020000E-03
0.4,4.807706494195710000E-03
0.41,4.768921363432000000E-03
0.42,4.729503128083130000E-03
0.43,4.689472721737850000E-03
0.44,4.648851268602010000E-03
0.45,4.607660065060820000E-03
0.46,4.565920561246830000E-03
0.47,4.523654342579560000E-03
0.48,4.480883111350450000E-03
0.49,4.437628668369700000E-03
0.5,4.393912894680910000E-03
0.51,4.349757733360340000E-03
0.52,4.305185171457170000E-03
0.53,4.260217222035360000E-03
0.54,4.214875906390410000E-03
0.55,4.169183236457920000E-03
0.56,4.123161197380100000E-03
0.57,4.076831730320600000E-03
0.58,4.030216715493670000E-03
0.59,3.983337955435940000E-03
0.6,3.936217158571560000E-03
0.61,3.888875923031270000E-03
0.62,3.841335720781740000E-03
0.63,3.793617882087780000E-03
0.64,3.745743580273570000E-03
0.65,3.697733816833730000E-03
0.66,3.649609406933620000E-03
0.67,3.601390965236900000E-03
0.68,3.553098892133690000E-03
0.69,3.504753360369220000E-03
0.7,3.456374302056250000E-03
0.71,3.407981396127450000E-03
0.72,3.359594056199710000E-03
0.73,3.311231418855880000E-03
0.74,3.262912332389260000E-03
0.75,3.214655345976710000E-03
0.76,3.166478699325870000E-03
0.77,3.118400312773540000E-03
0.78,3.070437777812990000E-03
0.79,3.022608348179780000E-03
0.8,2.974928931287300000E-03
0.81,2.927416080260470000E-03
0.82,2.880085986336070000E-03
0.83,2.832954471849910000E-03
0.84,2.786036983590620000E-03
0.85,2.739348586740270000E-03
0.86,2.692903959209940000E-03
0.87,2.646717386494270000E-03
0.88,2.600802757011290000E-03
0.89,2.555173557882250000E-03
0.9,2.509842871202340000E-03
0.91,2.464823370774020000E-03
0.92,2.420127319308690000E-03
0.93,2.375766566068290000E-03
0.94,2.331752544975360000E-03
0.95,2.288096273174280000E-03
0.96,2.244808350004480000E-03
0.97,2.201898956436270000E-03
0.98,2.159377854901520000E-03
0.99,2.117254389592750000E-03
1,2.075537487106280000E-03
1.01,2.034235657519790000E-03
1.02,1.993356995887510000E-03
1.03,1.952909184045540000E-03
1.04,1.912899492879940000E-03
1.05,1.873334784854290000E-03
1.06,1.834221516994270000E-03
1.07,1.795565744126050000E-03
1.08,1.757373122515380000E-03
1.09,1.719648913737900000E-03
1.1,1.682397988966980000E-03
1.11,1.645624833464680000E-03
1.12,1.609333551399910000E-03
1.13,1.573527870943080000E-03
1.14,1.538211149575110000E-03
1.15,1.503386379723720000E-03
1.16,1.469056194551940000E-03
1.17,1.435222874040180000E-03
1.18,1.401888351209120000E-03
1.19,1.369054218624920000E-03
1.2,1.336721735017110000E-03
1.21,1.304891832110930000E-03
1.22,1.273565121617660000E-03
1.23,1.242741902365950000E-03
1.24,1.212422167562950000E-03
1.25,1.182605612235990000E-03
1.26,1.153291640702430000E-03
1.27,1.124479374220050000E-03
1.28,1.096167658677010000E-03
1.29,1.068355072388900000E-03
1.3,1.041039933980490000E-03
1.31,1.014220310261810000E-03
1.32,9.878940242114510000E-04
1.33,9.620586629936630000E-04
1.34,9.367115859585950000E-04
1.35,9.118499326932700000E-04
1.36,8.874706310725670000E-04
1.37,8.635704052876410000E-04
1.38,8.401457839081940000E-04
1.39,8.171931078544740000E-04
1.4,7.947085383861960000E-04
1.41,7.726880650576160000E-04
1.42,7.511275135654130000E-04
1.43,7.300225536304100000E-04
1.44,7.093687067213350000E-04
1.45,6.891613537785740000E-04
1.46,6.693957428138070000E-04
1.47,6.500669964588590000E-04
1.48,6.311701193960850000E-04
1.49,6.127000057097520000E-04
1.5,5.946514461189570000E-04
1.51,5.770191351033360000E-04
1.52,5.597976779379440000E-04
1.53,5.429815975628330000E-04
1.54,5.265653413764520000E-04
1.55,5.105432878688290000E-04
1.56,4.949097531368270000E-04
1.57,4.796589972572350000E-04
1.58,4.647852305238820000E-04
1.59,4.502826195408820000E-04
1.6,4.361452931697610000E-04
1.61,4.223673483310140000E-04
1.62,4.089428556533370000E-04
1.63,3.958658649705270000E-04
1.64,3.831304106677420000E-04
1.65,3.707305168703530000E-04
1.66,3.586602024748210000E-04
1.67,3.469134860261160000E-04
1.68,3.354843904337810000E-04
1.69,3.243669475334010000E-04
1.7,3.135552024844610000E-04
1.71,3.030432180153130000E-04
1.72,2.928250785050800000E-04
1.73,2.828948939115520000E-04
1.74,2.732468035388380000E-04
1.75,2.638749796510030000E-04
1.76,2.547736309288580000E-04
1.77,2.459370057744140000E-04
1.78,2.373593954613260000E-04
1.79,2.290351371346770000E-04
1.8,2.209586166601450000E-04
1.81,2.131242713298520000E-04
1.82,2.055265924170160000E-04
1.83,1.981601275895500000E-04
1.84,1.910194831854460000E-04
1.85,1.840993263448410000E-04
1.86,1.773943870066860000E-04
1.87,1.708994597739570000E-04
1.88,1.646094056457190000E-04
1.89,1.585191536211110000E-04
1.9,1.526237021775300000E-04
1.91,1.469181206263750000E-04
1.92,1.413975503497490000E-04
1.93,1.360572059186850000E-04
1.94,1.308923761002250000E-04
1.95,1.258984247494030000E-04
1.96,1.210707915985430000E-04
1.97,1.164049929399340000E-04
1.98,1.118966222080710000E-04
1.99,1.075413504603430000E-04
2,1.033349267702750000E-04
2.01,9.927317852260010000E-05
2.02,9.535201162087800000E-05
2.03,9.156741061387670000E-05
2.04,8.791543873675640000E-05
2.05,8.439223787383400000E-05
2.06,8.099402844461620000E-05
2.07,7.771710922269500000E-05
2.08,7.455785707734880000E-05
2.09,7.151272665646760000E-05
2.1,6.857824999895510000E-05
2.11,6.575103609635320000E-05
2.12,6.302777038619980000E-05
2.13,6.040521420137980000E-05
2.14,5.788020415967180000E-05
2.15,5.544965151205310000E-05
2.16,5.311054143892920000E-05
2.17,5.085993230833760000E-05
2.18,4.869495489087770000E-05
2.19,4.661281153791260000E-05
2.2,4.461077532462140000E-05
2.21,4.268618916049790000E-05
2.22,4.083646486927000000E-05
2.23,3.905908224156960000E-05
2.24,3.735158806142260000E-05
2.25,3.571159511011660000E-05
2.26,3.413678114874090000E-05
2.27,3.262488788143170000E-05
2.28,3.117371990242560000E-05
2.29,2.978114362748380000E-05
2.3,2.844508621267990000E-05
2.31,2.716353446195880000E-05
2.32,2.593453372527550000E-05
2.33,2.475618678905870000E-05
2.34,2.362665276058320000E-05
2.35,2.254414594799690000E-05
2.36,2.150693473741390000E-05
2.37,2.051334046842890000E-05
2.38,1.956173630963040000E-05
2.39,1.865054613524300000E-05
2.4,1.777824340442140000E-05
2.41,1.694335004392910000E-05
2.42,1.614443533595140000E-05
2.43,1.538011481172000000E-05
2.44,1.464904915196350000E-05
2.45,1.394994309508820000E-05
2.46,1.328154435466690000E-05
2.47,1.264264254601250000E-05
2.48,1.203206812352630000E-05
2.49,1.144869132893620000E-05
2.5,1.089142115177730000E-05
2.51,1.035920430194610000E-05
2.52,9.851024195852020000E-06
2.53,9.365899955657680000E-06
2.54,8.902885423245010000E-06
2.55,8.461068188398530000E-06
2.56,8.039568632278420000E-06
2.57,7.637538986126560000E-06
2.58,7.254162405769950000E-06
2.59,6.888652062203560000E-06
2.6,6.540250248647420000E-06
2.61,6.208227503626790000E-06
2.62,5.891881751429300000E-06
2.63,5.590537458974420000E-06
2.64,5.303544809935820000E-06
2.65,5.030278895783760000E-06
2.66,4.770138924227110000E-06
2.67,4.522547444733390000E-06
2.68,4.286949591335580000E-06
2.69,4.062812342680520000E-06
2.7,3.849623799279520000E-06
2.71,3.646892477910310000E-06
2.72,3.454146623091300000E-06
2.73,3.270933535577560000E-06
2.74,3.096818917703380000E-06
2.75,2.931386235470090000E-06
2.76,2.774236097305580000E-06
2.77,2.624985649185390000E-06
2.78,2.483267986092670000E-06
2.79,2.348731579546350000E-06
2.8,2.221039721028060000E-06
2.81,2.099869981104900000E-06
2.82,1.984913683982740000E-06
2.83,1.875875397343420000E-06
2.84,1.772472437178120000E-06
2.85,1.674434387346110000E-06
2.86,1.581502633655670000E-06
2.87,1.493429912252930000E-06
2.88,1.409979871917920000E-06
2.89,1.330926650132530000E-06
2.9,1.256054462604370000E-06
2.91,1.185157205970120000E-06
2.92,1.118038073379310000E-06
2.93,1.054509182749820000E-06
2.94,9.943912173395640000E-07
2.95,9.375130783919660000E-07
2.96,8.837115496010820000E-07
2.97,8.328309730185470000E-07
2.98,7.847229362555910000E-07
2.99,7.392459705851860000E-07
3,6.962652597356000000E-07
3.01,6.556523590706660000E-07
3.02,6.172849248746990000E-07
3.03,5.810464534938000000E-07
3.04,5.468260300412980000E-07
3.05,5.145180864134570000E-07
3.06,4.840221683457510000E-07
3.07,4.552427112451090000E-07
3.08,4.280888245459350000E-07
3.09,4.024740843326370000E-07
3.1,3.783163339832400000E-07
3.11,3.555374925773680000E-07
3.12,3.340633708406820000E-07
3.13,3.138234943752530000E-07
3.14,2.947509339513340000E-07
3.15,2.767821426280900000E-07
3.16,2.598567994747680000E-07
3.17,2.439176596852780000E-07
3.18,2.289104108554070000E-07
3.19,2.147835352229560000E-07
3.2,2.014881776665590000E-07
3.21,1.889780192504890000E-07
3.22,1.772091561365950000E-07
3.23,1.661399836557550000E-07
3.24,1.557310853684590000E-07
3.25,1.459451269181780000E-07
3.26,1.367467545144780000E-07
3.27,1.281024978630720000E-07
3.28,1.199806773859710000E-07
3.29,1.123513155590930000E-07
3.3,1.051860522178150000E-07
3.31,9.845806367587960000E-08
3.32,9.214198550251470000E-08
3.33,8.621383882798620000E-08
3.34,8.065096002018900000E-08
3.35,7.543193361040420000E-08
3.36,7.053652833451070000E-08
3.37,6.594563615819620000E-08
3.38,6.164121417107200000E-08
3.39,5.760622921992830000E-08
3.4,5.382460518346820000E-08
3.41,5.028117276011240000E-08
3.42,4.696162167493490000E-08
3.43,4.385245519588380000E-08
3.44,4.094094686314840000E-08
3.45,3.821509933389850000E-08
3.46,3.566360525133610000E-08
3.47,3.327581004829700000E-08
3.48,3.104167660009620000E-08
3.49,2.895175164424600000E-08
3.5,2.699713388698800000E-08
3.51,2.516944372115080000E-08
3.52,2.346079448187550000E-08
3.53,2.186376516900850000E-08
3.54,2.037137456907900000E-08
3.55,1.897705671214990000E-08
3.56,1.767463759995650000E-08
3.57,1.645831314688330000E-08
3.58,1.532262827527340000E-08
3.59,1.426245711056850000E-08
3.6,1.327298422358520000E-08
3.61,1.234968686926250000E-08
3.62,1.148831817296610000E-08
3.63,1.068489121938270000E-08
3.64,9.935663998419160000E-09
3.65,9.237125166128800000E-09
3.66,8.585980580496590000E-09
3.67,7.979140572927090000E-09
3.68,7.413707918650610000E-09
3.69,6.886966470559820000E-09
3.7,6.396370422682000000E-09
3.71,5.939534171748650000E-09
3.72,5.514222744918030000E-09
3.73,5.118342765458150000E-09
3.74,4.749933927904240000E-09
3.75,4.407160956168100000E-09
3.76,4.088306019239100000E-09
3.77,3.791761580346370000E-09
3.78,3.516023656473010000E-09
3.79,3.259685466433300000E-09
3.8,3.021431446615350000E-09
3.81,2.800031614569200000E-09
3.82,2.594336261624600000E-09
3.83,2.403270956602970000E-09
3.84,2.225831843584970000E-09
3.85,2.061081217626020000E-09
3.86,1.908143362983700000E-09
3.87,1.766200639334510000E-09
3.88,1.634489802146420000E-09
3.89,1.512298544049990000E-09
3.9,1.398962244790410000E-09
3.91,1.293860917946360000E-09
3.92,1.196416343250230000E-09
3.93,1.106089373869210000E-09
3.94,1.022377408678010000E-09
3.95,9.448120199488320000E-10
3.96,8.729567274880760000E-10
3.97,8.064049107512140000E-10
3.98,7.447778507607920000E-10
3.99,6.877228943914950000E-10
4,6.349117335919140000E-10
4.01,5.860387929814990000E-10
4.02,5.408197191652420000E-10
4.03,4.989899658426780000E-10
4.04,4.603034689231820000E-10
4.05,4.245314062093280000E-10
4.06,3.914610365649740000E-10
4.07,3.608946137408610000E-10
4.08,3.326483702951290000E-10
4.09,3.065515673355640000E-10
4.1,2.824456060293350000E-10
4.11,2.601831970707920000E-10
4.12,2.396275845258510000E-10
4.13,2.206518206571220000E-10
4.14,2.031380885646660000E-10
4.15,1.869770696262220000E-10
4.16,1.720673529390980000E-10
4.17,1.583148840866380000E-10
4.18,1.456324507586740000E-10
4.19,1.339392028631570000E-10
4.2,1.231602049336820000E-10
4.21,1.132260187550090000E-10
4.22,1.040723142685910000E-10
4.23,9.563950692223090000E-11
4.24,8.787241975436590000E-11
4.25,8.071996859772550000E-11
4.26,7.413486889595440000E-11
4.27,6.807336271089240000E-11
4.28,6.249496459522380000E-11
4.29,5.736222507912710000E-11
4.3,5.264051061049640000E-11
4.31,4.829779884332220000E-11
4.32,4.430448825885510000E-11
4.33,4.063322115292960000E-11
4.34,3.725871909193380000E-11
4.35,3.415762999644490000E-11
4.36,3.130838606367890000E-11
4.37,2.869107179305320000E-11
4.38,2.628730142468870000E-11
4.39,2.408010514739120000E-11
4.4,2.205382347344780000E-11
4.41,2.019400921728750000E-11
4.42,1.848733655240830000E-11
4.43,1.692151665561250000E-11
4.44,1.548521947963830000E-11
4.45,1.416800122608130000E-11
4.46,1.296023711955380000E-11
4.47,1.185305911009670000E-11
4.48,1.083829815613380000E-11
4.49,9.908430763559280000E-12
4.5,9.056529479568890000E-12
4.51,8.276217058631380000E-12
4.52,7.561624038422130000E-12
4.53,6.907349481706510000E-12
4.54,6.308424655732770000E-12
4.55,5.760279437676050000E-12
4.56,5.258711248915650000E-12
4.57,4.799856333847170000E-12
4.58,4.380163213357730000E-12
4.59,3.996368153377740000E-12
4.6,3.645472501199090000E-12
4.61,3.324721752066980000E-12
4.62,3.031586218566570000E-12
4.63,2.763743184127340000E-12
4.64,2.519060430644940000E-12
4.65,2.295581037882380000E-12
4.66,2.091509359731080000E-12
4.67,1.905198089222500000E-12
4.68,1.735136330584310000E-12
4.69,1.579938602361670000E-12
4.7,1.438334701407180000E-12
4.71,1.309160362440300000E-12
4.72,1.191348652728740000E-12
4.73,1.083922045862370000E-12
4.74,9.859851227479390000E-13
4.75,8.967178517218530000E-13
4.76,8.153694031930810000E-13
4.77,7.412524577601180000E-13
4.78,6.737379694766160000E-13
4.79,6.122503490828150000E-13
4.8,5.562630344916280000E-13
4.81,5.052944183367680000E-13
4.82,4.589041046950340000E-13
4.83,4.166894691124040000E-13
4.84,3.782824981138490000E-13
4.85,3.433468861500340000E-13
4.86,3.115753696176100000E-13
4.87,2.826872791537340000E-13
4.88,2.564262928486610000E-13
4.89,2.325583743528480000E-13
4.9,2.108698810996300000E-13
4.91,1.911658289951650000E-13
4.92,1.732683010054820000E-13
4.93,1.570149880375400000E-13
4.94,1.422578514200540000E-13
4.95,1.288618971282840000E-13
4.96,1.167040526772180000E-13
4.97,1.056721383117120000E-13
4.98,9.566392479464990000E-14
4.99,8.658627069562710000E-14
5,7.835433265529560000E-14
5.01,7.089084261280860000E-14
5.02,6.412544647238180000E-14
5.03,5.799409911659660000E-14
5.04,5.243851109772090000E-14
5.05,4.740564270380290000E-14
5.06,4.284724144676990000E-14
5.07,3.871941934343970000E-14
5.08,3.498226665186670000E-14
5.09,3.159949899885430000E-14
5.1,2.853813508473700000E-14
5.11,2.576820238195200000E-14
5.12,2.326246845678860000E-14
5.13,2.099619573846190000E-14
5.14,1.894691773895600000E-14
5.15,1.709423489464800000E-14
5.16,1.541962834955580000E-14
5.17,1.390629014228470000E-14
5.18,1.253896838659440000E-14
5.19,1.130382615280260000E-14
5.2,1.018831286691930000E-14
5.21,9.181047143082260000E-15
5.22,8.271710056885790000E-15
5.23,7.450947950692230000E-15
5.24,6.710283939762170000E-15
5.25,6.042037357999280000E-15
5.26,5.439250447567590000E-15
5.27,4.895621655609030000E-15
5.28,4.405444956601490000E-15
5.29,3.963554667762700000E-15
5.3,3.565275271884830000E-15
5.31,3.206375803097500000E-15
5.32,2.883028390031010000E-15
5.33,2.591770585780530000E-15
5.34,2.329471146355060000E-15
5.35,2.093298948914670000E-15
5.36,1.880694767966600000E-15
5.37,1.689345652351120000E-15
5.38,1.517161668681180000E-15
5.39,1.362254797199170000E-15
5.4,1.222919785196550000E-15
5.41,1.097616780248600000E-15
5.42,9.849555812571590000E-16
5.43,8.836813598333920000E-16
5.44,7.926617175913150000E-16
5.45,7.108749568889410000E-16
5.46,6.373994537476450000E-16
5.47,5.714040313448280000E-16
5.48,5.121392419415140000E-16
5.49,4.589294731479150000E-16
5.5,4.111658022643230000E-16
5.51,3.682995291406590000E-16
5.52,3.298363244760210000E-16
5.53,2.953309361361440000E-16
5.54,2.643824013300170000E-16
5.55,2.366297172734620000E-16
5.56,2.117479272847000000E-16
5.57,1.894445832315920000E-16
5.58,1.694565488486920000E-16
5.59,1.515471117088840000E-16
5.6,1.355033746240090000E-16
5.61,1.211338999587080000E-16
5.62,1.082665827993080000E-16
5.63,9.674673117012740000E-17
5.64,8.643533351954020000E-17
5.65,7.720749555374760000E-17
5.66,6.895103017185640000E-17
5.67,6.156518578707140000E-17
5.68,5.495949970519160000E-17
5.69,4.905276448545530000E-17
5.7,4.377209636096850000E-17
5.71,3.905209581888010000E-17
5.72,3.483409139316200000E-17
5.73,3.106545856834240000E-17
5.74,2.769900646841770000E-17
5.75,2.469242570487460000E-17
5.76,2.200779139511840000E-17
5.77,1.961111593435530000E-17
5.78,1.747194663047570000E-17
5.79,1.556300377807270000E-17
5.8,1.385985518068720000E-17
5.81,1.234062351283620000E-17
5.82,1.098572326684480000E-17
5.83,9.777624344547820000E-18
5.84,8.700639641603420000E-18
5.85,7.740734230959910000E-18
5.86,6.885353986263800000E-18
5.87,6.123271698755990000E-18
5.88,5.444448931801920000E-18
5.89,4.839912030193640000E-18
5.9,4.301640858810160000E-18
5.91,3.822468984977640000E-18
5.92,3.395994147117190000E-18
5.93,3.016497967136870000E-18
5.94,2.678873967857950000E-18
5.95,2.378563050336400000E-18
5.96,2.111495670568960000E-18
5.97,1.874040031255700000E-18
5.98,1.662955672947080000E-18
5.99,1.475351910880070000E-18
6,1.308650619628360000E-18
6.01,1.160552917978230000E-18
6.02,1.029009351729160000E-18
6.03,9.121932129708860000E-19
6.04,8.084766710275810000E-19
6.05,7.164094234280770000E-19
6.06,6.346996049941470000E-19
6.07,5.621967198497140000E-19
6.08,4.978763853209670000E-19
6.09,4.408266983571300000E-19
6.1,3.902360544973780000E-19
6.11,3.453822670154700000E-19
6.12,3.056228495496760000E-19
6.13,2.703863396822420000E-19
6.14,2.391645536387110000E-19
6.15,2.115056736650750000E-19
6.16,1.870080799044140000E-19
6.17,1.653148477701280000E-19
6.18,1.461088400782430000E-19
6.19,1.291083305898810000E-19
6.2,1.140631022730040000E-19
6.21,1.007509695356990000E-19
6.22,8.897467902955210000E-20
6.23,7.855914840765750000E-20
6.24,6.934900672150800000E-20
6.25,6.120640396340070000E-20
6.26,5.400906073972030000E-20
6.27,4.764853211030570000E-20
6.28,4.202866241434040000E-20
6.29,3.706421037035340000E-20
6.3,3.267962594598020000E-20
6.31,2.880796248100780000E-20
6.32,2.538990931341450000E-20
6.33,2.237293174620260000E-20
6.34,1.971050660870770000E-20
6.35,1.736144293171940000E-20
6.36,1.528927839055290000E-20
6.37,1.346174317949770000E-20
6.38,1.185028388652880000E-20
6.39,1.042964074435970000E-20
6.4,9.177472353534560000E-21
6.41,8.074022619595950000E-21
6.42,7.101825217999410000E-21
6.43,6.245441414649800000E-21
6.44,5.491227527971090000E-21
6.45,4.827128724711000000E-21
6.46,4.242496206526860000E-21
6.47,3.727925169134760000E-21
6.48,3.275111204116700000E-21
6.49,2.876723071574170000E-21
6.5,2.526290001538120000E-21
6.51,2.218101886253210000E-21
6.52,1.947120907733150000E-21
6.53,1.708903307227320000E-21
6.54,1.499530147389930000E-21
6.55,1.315546046549490000E-21
6.56,1.153904978798330000E-21
6.57,1.011922335119660000E-21
6.58,8.872325314798550000E-22
6.59,7.777515299683760000E-22
6.6,6.816437106573200000E-22
6.61,5.972925954428780000E-22
6.62,5.232749814000720000E-22
6.63,4.583380915525840000E-22
6.64,4.013793952963000000E-22
6.65,3.514287903957680000E-22
6.66,3.076328735275530000E-22
6.67,2.692410575244220000E-22
6.68,2.355933211105600000E-22
6.69,2.061094014765980000E-22
6.7,1.802792617775510000E-22
6.71,1.576546849477980000E-22
6.72,1.378418623312540000E-22
6.73,1.204948607868720000E-22
6.74,1.053098653669630000E-22
6.75,9.202010657974910000E-23
6.76,8.039139177260670000E-23
6.77,7.021816954355440000E-23
6.78,6.132006432126960000E-23
6.79,5.353882560526300000E-23
6.8,4.673564281224380000E-23
6.81,4.078878242108850000E-23
6.82,3.559150916994320000E-23
6.83,3.105025754740390000E-23
6.84,2.708302378359780000E-23
6.85,2.361795205004450000E-23
6.86,2.059209167773610000E-23
6.87,1.795030493744480000E-23
6.88,1.564430734590690000E-23
6.89,1.363182459631210000E-23
6.9,1.187585209778400000E-23
6.91,1.034400477351480000E-23
6.92,9.007946236368510000E-24
6.93,7.842887757387420000E-24
6.94,6.827148587941420000E-24
6.95,5.941770202998760000E-24
6.96,5.170177925653190000E-24
6.97,4.497884175341260000E-24
6.98,3.912228274895810000E-24
6.99,3.402148360968470000E-24
7,2.957981479011090000E-24
7.01,2.571288417236930000E-24
7.02,2.234700250467310000E-24
7.03,1.941783931661720000E-24
7.04,1.686924591747590000E-24
7.05,1.465222492497290000E-24
7.06,1.272402827344690000E-24
7.07,1.104736784971740000E-24
7.08,9.589724838543830000E-25
7.09,8.322745562918180000E-25
7.1,7.221713097952640000E-25
7.11,6.265085252136580000E-25
7.12,5.434090666710490000E-25
7.13,4.712375795067110000E-25
7.14,4.085696419628010000E-25
7.15,3.541648143089000000E-25
7.16,3.069430980175310000E-25
7.17,2.659643778432940000E-25
7.18,2.304104726345290000E-25
7.19,1.995694671391940000E-25
7.2,1.728220378220450000E-25
7.21,1.496295214442550000E-25
7.22,1.295235064855040000E-25
7.23,1.120967549595210000E-25
7.24,9.699528624690690000E-26
7.25,8.391147565846530000E-26
7.26,7.257803892569000000E-26
7.27,6.276278999939870000E-26
7.28,5.426407370610540000E-26
7.29,4.690678722491500000E-26
7.3,4.053891520086510000E-26
7.31,3.502851282316090000E-26
7.32,3.026107950150700000E-26
7.33,2.613727305364580000E-26
7.34,2.257092067393730000E-26
7.35,1.948728851397540000E-26
7.36,1.682157656853520000E-26
7.37,1.451760980595120000E-26
7.38,1.252670019575320000E-26
7.39,1.080665752736850000E-26
7.4,9.320929746498620000E-27
7.41,8.037856007772880000E-27
7.42,6.930017801324240000E-27
7.43,5.973675394420870000E-27
7.44,5.148278474161030000E-27
7.45,4.436041310189090000E-27
7.46,3.821574008761930000E-27
7.47,3.291562519362570000E-27
7.48,2.834491006569060000E-27
7.49,2.440401028957960000E-27
7.5,2.100682689068650000E-27
7.51,1.807893548022800000E-27
7.52,1.555601646808230000E-27
7.53,1.338249453512360000E-27
7.54,1.151035971835250000E-27
7.55,9.898146079650200000E-28
7.56,8.510047080320400000E-28
7.57,7.315149523456980000E-28
7.58,6.286770311965000000E-28
7.59,5.401882343317000000E-28
7.6,4.640617665412540000E-28
7.61,3.985837586305160000E-28
7.62,3.422760793292920000E-28
7.63,2.938641720967460000E-28
7.64,2.522492436745920000E-28
7.65,2.164842206413440000E-28
7.66,1.857529678100350000E-28
7.67,1.593523297217160000E-28
7.68,1.366766149794280000E-28
7.69,1.172041939331090000E-28
7.7,1.004859242941770000E-28
7.71,8.613515745643520000E-29
7.72,7.381911145678940000E-29
7.73,6.325142524739550000E-29
7.74,5.418573386158470000E-29
7.75,4.641012566266880000E-29
7.76,3.974236157156810000E-29
7.77,3.402575238192730000E-29
7.78,2.912560432167540000E-29
7.79,2.492615517754230000E-29
7.8,2.132793382947040000E-29
7.81,1.824548515967330000E-29
7.82,1.560541018581170000E-29
7.83,1.334467809653720000E-29
7.84,1.140917277122350000E-29
7.85,9.752441470716050000E-30
7.86,8.334617804945380000E-30
7.87,7.121494897569450000E-30
7.88,6.083727969273730000E-30
7.89,5.196148410817860000E-30
7.9,4.437173882853230000E-30
7.91,3.788301103377190000E-30
7.92,3.233669824674020000E-30
7.93,2.759688085696240000E-30
7.94,2.354710196097960000E-30
7.95,2.008760089664000000E-30
7.96,1.713293704588590000E-30
7.97,1.460994927629420000E-30
7.98,1.245600397816990000E-30
7.99,1.061749119492570000E-30
8,9.048533984344710000E-31
8.01,7.709881007350130000E-31
8.02,6.567956531535920000E-31
8.03,5.594045642347900000E-31
8.04,4.763595565067680000E-31
8.05,4.055616675897160000E-31
8.06,3.452169085471230000E-31
8.07,2.937922661563270000E-31
8.08,2.499780064759790000E-31
8.09,2.126553839827570000E-31
8.1,1.808689869004170000E-31
8.11,1.538030580089570000E-31
8.12,1.307612236632350000E-31
8.13,1.111491440910390000E-31
8.14,9.445966706973950000E-32
8.15,8.026012641419910000E-32
8.16,6.818147769391550000E-32
8.17,5.790900735360200000E-32
8.18,4.917438903494070000E-32
8.19,4.174889316367890000E-32
8.2,3.543758357619040000E-32
8.21,3.007435874873200000E-32
8.22,2.551771558807960000E-32
8.23,2.164713124999060000E-32
8.24,1.835997346434560000E-32
8.25,1.556886271611770000E-32
8.26,1.319942066872400000E-32
8.27,1.118834867450580000E-32
8.28,9.481788320646750000E-33
8.29,8.033922905764930000E-33
8.3,6.805784687560790000E-33
8.31,5.764237837662830000E-33
8.32,4.881111400288780000E-33
8.33,4.132460283486960000E-33
8.34,3.497935509013690000E-33
8.35,2.960247678177820000E-33
8.36,2.504709951219480000E-33
8.37,2.118848837221700000E-33
8.38,1.792072802091570000E-33
8.39,1.515390164148980000E-33
8.4,1.281168996800710000E-33
8.41,1.082932825624500000E-33
8.42,9.151868196181280000E-34
8.43,7.732699557621180000E-34
8.44,6.532293017607080000E-34
8.45,5.517131298434030000E-34
8.46,4.658800599322800000E-34
8.47,3.933218442685510000E-34
8.48,3.319977589946360000E-34
8.49,2.801788695070010000E-34
8.5,2.364006934442710000E-34
8.51,1.994230043803090000E-34
8.52,1.681957061340240000E-34
8.53,1.418298669026500000E-34
8.54,1.195731381495440000E-34
8.55,1.007888988261940000E-34
8.56,8.493856401569960000E-35
8.57,7.156658097710410000E-35
8.58,6.028770699638620000E-35
8.59,5.077622427169440000E-35
8.6,4.275679879500880000E-35
8.61,3.599673424332560000E-35
8.62,3.029940934855230000E-35
8.63,2.549871908338480000E-35
8.64,2.145436709614500000E-35
8.65,1.804787986500170000E-35
8.66,1.517923262349370000E-35
8.67,1.276399375156860000E-35
8.68,1.073090846426520000E-35
8.69,9.019854642101730000E-36
8.7,7.580113846595840000E-36
8.71,6.368909226400280000E-36
8.72,5.350169372825170000E-36
8.73,4.493483422438150000E-36
8.74,3.773218002298790000E-36
8.75,3.167771104196570000E-36
8.76,2.658941786136010000E-36
8.77,2.231397830414450000E-36
8.78,1.872226227687070000E-36
8.79,1.570553678849270000E-36
8.8,1.317226274922420000E-36
8.81,1.104539182834000000E-36
8.82,9.260085777757250000E-37
8.83,7.761792593794540000E-37
8.84,6.504624021274710000E-37
8.85,5.449987482441750000E-37
8.86,4.565432772586180000E-37
8.87,3.823680008383920000E-37
8.88,3.201800512961820000E-37
8.89,2.680526718251700000E-37
8.9,2.243670883667080000E-37
8.91,1.877635573941750000E-37
8.92,1.571001496534110000E-37
8.93,1.314180545242500000E-37
8.94,1.099123794430460000E-37
8.95,9.190757916759780000E-38
8.96,7.683678507873890000E-38
8.97,6.422441907858550000E-38
8.98,5.367157318048460000E-38
8.99,4.484371737470020000E-38
9,3.746036714145420000E-38
9.01,3.128639998535020000E-38
9.02,2.612475932653880000E-38
9.03,2.181032535631510000E-38
9.04,1.820476727301970000E-38
9.05,1.519222065553090000E-38
9.06,1.267565846288390000E-38
9.07,1.057384498678290000E-38
9.08,8.818779642028840000E-39
9.09,7.353552265206920000E-39
9.1,6.130544048833500000E-39
9.11,5.109918719172050000E-39
9.12,4.258357394853780000E-39
9.13,3.547997989751730000E-39
9.14,2.955546273379190000E-39
9.15,2.461530960064980000E-39
9.16,2.049679619694620000E-39
9.17,1.706395921171690000E-39
9.18,1.420321845741750000E-39
9.19,1.181971134582640000E-39
9.2,9.834224432808940000E-40
9.21,8.180625305078270000E-40
9.22,6.803713668674670000E-40
9.23,5.657423580861000000E-40
9.24,4.703319757928650000E-40
9.25,3.909340113606090000E-40
9.26,3.248744424763810000E-40
9.27,2.699235516431730000E-40
9.28,2.242224808104270000E-40
9.29,1.862218633976830000E-40
9.3,1.546305582703890000E-40
9.31,1.283728315841760000E-40
9.32,1.065526018014680000E-40
9.33,8.842358890300180000E-41
9.34,7.336439798281760000E-41
9.35,6.085772584877200000E-41
9.36,5.047301196237220000E-41
9.37,4.185196615534330000E-41
9.38,3.469649859587960000E-41
9.39,2.875865532857880000E-41
9.4,2.383222786913340000E-41
9.41,1.974575984380220000E-41
9.42,1.635671926013250000E-41
9.43,1.354664312587610000E-41
9.44,1.121709301375840000E-41
9.45,9.286286823373350000E-42
9.46,7.686294261845500000E-42
9.47,6.360702179546810000E-42
9.48,5.262671443651560000E-42
9.49,4.353320019394910000E-42
9.5,3.600377772792380000E-42
9.51,2.977067563217300000E-42
9.52,2.461174750576270000E-42
9.53,2.034273549118480000E-42
9.54,1.681083921676140000E-42
9.55,1.388937097878450000E-42
9.56,1.147331460568760000E-42
9.57,9.475635972649410000E-43
9.58,7.824218582964000000E-43
9.59,6.459318842096710000E-43
9.6,5.331453324848490000E-43
9.61,4.399645061538070000E-43
9.62,3.629968134405020000E-43
9.63,2.994340089333770000E-43
9.64,2.469520173032510000E-43
9.65,2.036278485104920000E-43
9.66,1.678707026199940000E-43
9.67,1.383648526136390000E-43
9.68,1.140223014284780000E-43
9.69,9.394354867177230000E-44
9.7,7.738508454024740000E-44
9.71,6.373246298926080000E-44
9.72,5.247800113734270000E-44
9.73,4.320231387885520000E-44
9.74,3.555902727588960000E-44
9.75,2.926212611567100000E-44
9.76,2.407548386763500000E-44
9.77,1.980420038438220000E-44
9.78,1.628743669673190000E-44
9.79,1.339248938045680000E-44
9.8,1.100989105760460000E-44
9.81,9.049360170538080000E-45
9.82,7.436453505498700000E-45
9.83,6.109800100221680000E-45
9.84,5.018816032697300000E-45
9.85,4.121816877448280000E-45
9.86,3.384458949171380000E-45
9.87,2.778452327153360000E-45
9.88,2.280498491808560000E-45
9.89,1.871413552666350000E-45
9.9,1.535404794161420000E-45
9.91,1.259473851812670000E-45
9.92,1.032924455017440000E-45
9.93,8.469564993318050000E-46
9.94,6.943313768543900000E-46
9.95,5.690961126038630000E-46
9.96,4.663560204474550000E-46
9.97,3.820873834018670000E-46
9.98,3.129831436099910000E-46
9.99,2.563258110781990000E-46
10,2.098828115693820000E-46
